{"cameraMode":{"drawMode":2,"name":"Shaded Wireframe","section":"Shading Mode"},"sceneLighting":false,"audioPlay":false,"sceneViewState":{"showFog":true,"showMaterialUpdate":false,"showSkybox":false,"showFlares":true,"showImageEffects":true,"showParticleSystems":true},"in2DMode":false,"pivot":{"x":-3.597113847732544,"y":5.819091320037842,"z":0.4810786247253418},"rotation":{"x":-0.321043998003006,"y":0.05025474727153778,"z":-0.017062600702047349,"w":-0.9455760717391968},"size":31.639053344726564,"orthographic":false}