{"cameraMode":{"drawMode":2,"name":"Shaded Wireframe","section":"Shading Mode"},"sceneLighting":true,"audioPlay":false,"sceneViewState":{"showFog":true,"showMaterialUpdate":false,"showSkybox":true,"showFlares":true,"showImageEffects":true,"showParticleSystems":true},"in2DMode":false,"pivot":{"x":110.65090942382813,"y":60.04395294189453,"z":74.130126953125},"rotation":{"x":-0.21546994149684907,"y":-0.07403822988271713,"z":0.01638626679778099,"w":-0.9735618233680725},"size":250.03707885742188,"orthographic":false}