{"cameraMode":{"drawMode":2,"name":"Shaded Wireframe","section":"Shading Mode"},"sceneLighting":false,"audioPlay":false,"sceneViewState":{"showFog":true,"showMaterialUpdate":false,"showSkybox":false,"showFlares":true,"showImageEffects":true,"showParticleSystems":true},"in2DMode":false,"pivot":{"x":-0.3404724895954132,"y":6.864530086517334,"z":-3.1628029346466066},"rotation":{"x":-0.34269726276397707,"y":-0.010711930692195893,"z":0.003907858394086361,"w":-0.939376711845398},"size":57.22075653076172,"orthographic":false}