{"cameraMode":{"drawMode":2,"name":"Shaded Wireframe","section":"Shading Mode"},"sceneLighting":false,"audioPlay":false,"sceneViewState":{"showFog":true,"showMaterialUpdate":false,"showSkybox":false,"showFlares":true,"showImageEffects":true,"showParticleSystems":true},"in2DMode":false,"pivot":{"x":3.8392457962036135,"y":6.709055423736572,"z":-2.6323282718658449},"rotation":{"x":-0.34269726276397707,"y":-0.010711930692195893,"z":0.003907858394086361,"w":-0.939376711845398},"size":39.2559814453125,"orthographic":false}