{"cameraMode":{"drawMode":2,"name":"Shaded Wireframe","section":"Shading Mode"},"sceneLighting":false,"audioPlay":false,"sceneViewState":{"showFog":true,"showMaterialUpdate":false,"showSkybox":false,"showFlares":true,"showImageEffects":true,"showParticleSystems":true},"in2DMode":false,"pivot":{"x":-0.6987400054931641,"y":11.429312705993653,"z":-4.748300552368164},"rotation":{"x":-0.321043998003006,"y":0.05025474727153778,"z":-0.017062600702047349,"w":-0.9455760717391968},"size":55.16923141479492,"orthographic":false}