{"cameraMode":{"drawMode":0,"name":"Shaded","section":"Shading Mode"},"sceneLighting":false,"audioPlay":false,"sceneViewState":{"showFog":true,"showMaterialUpdate":false,"showSkybox":false,"showFlares":true,"showImageEffects":true,"showParticleSystems":true},"in2DMode":false,"pivot":{"x":-5.738677501678467,"y":0.898808479309082,"z":255.8734893798828},"rotation":{"x":-0.27687832713127139,"y":0.6628747582435608,"z":-0.2903229892253876,"w":-0.6321772933006287},"size":3.7748959064483644,"orthographic":false}