{"cameraMode":{"drawMode":0,"name":"Shaded","section":"Shading Mode"},"sceneLighting":false,"audioPlay":false,"sceneViewState":{"showFog":true,"showMaterialUpdate":true,"showSkybox":false,"showFlares":true,"showImageEffects":true,"showParticleSystems":true},"in2DMode":false,"pivot":{"x":6.422651290893555,"y":4.767197608947754,"z":1.9197757244110108},"rotation":{"x":0.10652459412813187,"y":-0.8392291069030762,"z":0.1778312623500824,"w":0.5027157068252564},"size":20.90517807006836,"orthographic":false}