{"cameraMode":{"drawMode":0,"name":"Shaded","section":"Shading Mode"},"sceneLighting":false,"audioPlay":false,"sceneViewState":{"showFog":true,"showMaterialUpdate":false,"showSkybox":false,"showFlares":true,"showImageEffects":true,"showParticleSystems":true},"in2DMode":false,"pivot":{"x":-0.08211326599121094,"y":3.5836737155914308,"z":0.09627437591552735},"rotation":{"x":-0.23060579597949983,"y":0.18890546262264253,"z":-0.04569001495838165,"w":-0.9534401893615723},"size":22.8771915435791,"orthographic":false}