{"cameraMode":{"drawMode":0,"name":"Shaded","section":"Shading Mode"},"sceneLighting":false,"audioPlay":false,"sceneViewState":{"showFog":true,"showMaterialUpdate":true,"showSkybox":false,"showFlares":true,"showImageEffects":true,"showParticleSystems":true},"in2DMode":false,"pivot":{"x":16.815105438232423,"y":3.262270450592041,"z":6.111077308654785},"rotation":{"x":0.2409738451242447,"y":-0.4818686544895172,"z":0.13976916670799256,"w":0.8307820558547974},"size":27.277074813842775,"orthographic":false}