{"cameraMode":{"drawMode":0,"name":"Shaded","section":"Shading Mode"},"sceneLighting":false,"audioPlay":false,"sceneViewState":{"showFog":true,"showMaterialUpdate":true,"showSkybox":false,"showFlares":true,"showImageEffects":true,"showParticleSystems":true},"in2DMode":false,"pivot":{"x":20.742889404296876,"y":5.819091796875,"z":18.811077117919923},"rotation":{"x":0.2409738451242447,"y":-0.4818686544895172,"z":0.13976916670799256,"w":0.8307820558547974},"size":31.63906478881836,"orthographic":false}