{"cameraMode":{"drawMode":0,"name":"Shaded","section":"Shading Mode"},"sceneLighting":false,"audioPlay":false,"sceneViewState":{"showFog":true,"showMaterialUpdate":true,"showSkybox":false,"showFlares":true,"showImageEffects":true,"showParticleSystems":true},"in2DMode":false,"pivot":{"x":-0.0672377198934555,"y":2.657273530960083,"z":-0.7339673638343811},"rotation":{"x":0.2409738451242447,"y":-0.4818686544895172,"z":0.13976916670799256,"w":0.8307820558547974},"size":31.639062881469728,"orthographic":false}