{"cameraMode":{"drawMode":0,"name":"Shaded","section":"Shading Mode"},"sceneLighting":false,"audioPlay":false,"sceneViewState":{"showFog":false,"showMaterialUpdate":false,"showSkybox":false,"showFlares":false,"showImageEffects":false,"showParticleSystems":false},"in2DMode":false,"pivot":{"x":-3.5971145629882814,"y":5.819092750549316,"z":0.48107755184173586},"rotation":{"x":-0.19967466592788697,"y":0.6762785315513611,"z":-0.1983608901500702,"w":-0.6807572245597839},"size":31.639062881469728,"orthographic":false}