{"cameraMode":{"drawMode":0,"name":"Shaded","section":"Shading Mode"},"sceneLighting":true,"audioPlay":false,"sceneViewState":{"showFog":false,"showMaterialUpdate":false,"showSkybox":false,"showFlares":false,"showImageEffects":false,"showParticleSystems":false},"in2DMode":false,"pivot":{"x":91.06668853759766,"y":-51.83162307739258,"z":132.50079345703126},"rotation":{"x":0.3974710702896118,"y":0.19868534803390504,"z":-0.08858773112297058,"w":0.8914556503295898},"size":142.1546173095703,"orthographic":false}